{"stats":{"minecraft:picked_up":{"minecraft:wooden_axe":1,"minecraft:birch_log":21,"minecraft:crafting_table":1,"minecraft:shield":1,"minecraft:dirt":7,"minecraft:wooden_sword":1,"minecraft:zombie_spawn_egg":1,"minecraft:rotten_flesh":2,"minecraft:wheat_seeds":1,"minecraft:birch_sapling":1,"minecraft:cobblestone":8},"minecraft:custom":{"minecraft:time_since_rest":4981,"minecraft:sprint_one_cm":19656,"minecraft:walk_one_cm":6542,"minecraft:damage_blocked_by_shield":135,"minecraft:mob_kills":1,"minecraft:drop":7,"minecraft:damage_dealt":200,"minecraft:interact_with_crafting_table":4,"minecraft:fly_one_cm":16479,"minecraft:crouch_one_cm":610,"minecraft:play_time":4981,"minecraft:sneak_time":274,"minecraft:jump":94,"minecraft:time_since_death":4981,"minecraft:total_world_time":4981,"minecraft:fall_one_cm":1732},"minecraft:crafted":{"minecraft:crafting_table":1,"minecraft:stick":8,"minecraft:wooden_pickaxe":1,"minecraft:stone_pickaxe":1,"minecraft:birch_button":24,"minecraft:birch_planks":44,"minecraft:stone_axe":1},"minecraft:used":{"minecraft:wooden_axe":2,"minecraft:stone_pickaxe":5,"minecraft:birch_sapling":1,"minecraft:shield":3,"minecraft:wooden_pickaxe":3,"minecraft:zombie_spawn_egg":1,"minecraft:stone_axe":11,"minecraft:dirt":7,"minecraft:crafting_table":1,"minecraft:birch_log":1},"minecraft:mined":{"minecraft:birch_log":21,"minecraft:birch_leaves":3,"minecraft:crafting_table":1,"minecraft:short_grass":5,"minecraft:grass_block":2,"minecraft:dirt":5,"minecraft:stone":8},"minecraft:killed":{"minecraft:zombie":1},"minecraft:dropped":{"minecraft:shield":1,"minecraft:wheat_seeds":1,"minecraft:wooden_axe":1,"minecraft:rotten_flesh":2,"minecraft:wooden_sword":1,"minecraft:birch_button":24}},"DataVersion":3953}