{"stats":{"minecraft:killed":{"minecraft:chicken":2,"minecraft:cow":1},"minecraft:custom":{"minecraft:time_since_rest":6131,"minecraft:crouch_one_cm":730,"minecraft:play_time":6131,"minecraft:sprint_one_cm":22883,"minecraft:walk_one_cm":5216,"minecraft:sneak_time":469,"minecraft:mob_kills":3,"minecraft:jump":79,"minecraft:damage_dealt":180,"minecraft:time_since_death":6131,"minecraft:total_world_time":6131,"minecraft:fall_one_cm":836,"minecraft:interact_with_crafting_table":3,"minecraft:fly_one_cm":10781},"minecraft:picked_up":{"minecraft:feather":1,"minecraft:crafting_table":1,"minecraft:chicken":2,"minecraft:leather":1,"minecraft:wheat_seeds":1,"minecraft:beef":1,"minecraft:porkchop":3,"minecraft:oak_log":11,"minecraft:oak_sapling":1,"minecraft:dirt":7,"minecraft:cobblestone":7},"minecraft:crafted":{"minecraft:oak_planks":44,"minecraft:stone_axe":1,"minecraft:crafting_table":1,"minecraft:stick":8,"minecraft:wooden_pickaxe":1,"minecraft:stone_pickaxe":1},"minecraft:mined":{"minecraft:short_grass":2,"minecraft:grass_block":1,"minecraft:oak_log":11,"minecraft:dirt":6,"minecraft:stone":7,"minecraft:birch_leaves":1,"minecraft:oak_leaves":9,"minecraft:crafting_table":1},"minecraft:used":{"minecraft:stone_axe":9,"minecraft:dirt":7,"minecraft:crafting_table":1,"minecraft:stone_pickaxe":4,"minecraft:wooden_pickaxe":3}},"DataVersion":3953}