{"stats":{"minecraft:killed":{"minecraft:sheep":1},"minecraft:picked_up":{"minecraft:mutton":2,"minecraft:wheat_seeds":10,"minecraft:dirt":1,"minecraft:white_wool":2},"minecraft:custom":{"minecraft:jump":123,"minecraft:damage_taken":10,"minecraft:time_since_rest":1153,"minecraft:leave_game":4,"minecraft:damage_dealt":86,"minecraft:crouch_one_cm":205,"minecraft:sprint_one_cm":1364,"minecraft:play_time":8887,"minecraft:walk_one_cm":32881,"minecraft:time_since_death":950,"minecraft:deaths":4,"minecraft:sneak_time":46,"minecraft:total_world_time":8887,"minecraft:mob_kills":1,"minecraft:fly_one_cm":4414,"minecraft:fall_one_cm":753},"minecraft:mined":{"minecraft:grass":128,"minecraft:tall_grass":2,"minecraft:grass_block":1}},"DataVersion":3465}