{"stats":{"minecraft:used":{"minecraft:stone_axe":1,"minecraft:wooden_axe":1,"minecraft:dirt":1,"minecraft:cobblestone":1,"minecraft:crafting_table":2,"minecraft:stone_pickaxe":6,"minecraft:wooden_pickaxe":4},"minecraft:dropped":{"minecraft:wooden_pickaxe":1,"minecraft:stone_pickaxe":1},"minecraft:crafted":{"minecraft:stone_axe":1,"minecraft:crafting_table":1,"minecraft:spruce_planks":36,"minecraft:stick":8,"minecraft:stone_pickaxe":2,"minecraft:wooden_pickaxe":1,"minecraft:wooden_axe":1},"minecraft:custom":{"minecraft:time_since_rest":5419,"minecraft:crouch_one_cm":1243,"minecraft:play_time":5419,"minecraft:sprint_one_cm":16183,"minecraft:walk_one_cm":5687,"minecraft:sneak_time":681,"minecraft:drop":2,"minecraft:jump":66,"minecraft:time_since_death":5419,"minecraft:total_world_time":5419,"minecraft:interact_with_crafting_table":6,"minecraft:fall_one_cm":2150,"minecraft:fly_one_cm":11774},"minecraft:mined":{"minecraft:grass_block":2,"minecraft:cobblestone":1,"minecraft:stone":9,"minecraft:spruce_log":9,"minecraft:birch_leaves":1,"minecraft:oak_leaves":1,"minecraft:crafting_table":2},"minecraft:picked_up":{"minecraft:crafting_table":2,"minecraft:stick":3,"minecraft:wooden_pickaxe":1,"minecraft:stone_pickaxe":1,"minecraft:shield":1,"minecraft:spruce_sapling":2,"minecraft:spruce_log":9,"minecraft:dirt":2,"minecraft:cobblestone":10}},"DataVersion":3953}