{"stats":{"minecraft:used":{"minecraft:wooden_axe":1,"minecraft:stone_pickaxe":59,"minecraft:shield":2,"minecraft:wooden_pickaxe":4,"minecraft:rotten_flesh":1,"minecraft:stone_axe":9,"minecraft:torch":4,"minecraft:dirt":2,"minecraft:cobblestone":1,"minecraft:crafting_table":3,"minecraft:furnace":1},"minecraft:dropped":{"minecraft:stone_pickaxe":1,"minecraft:wooden_pickaxe":1},"minecraft:killed":{"minecraft:zombie":1,"minecraft:creeper":1},"minecraft:crafted":{"minecraft:crafting_table":1,"minecraft:spruce_planks":36,"minecraft:stick":8,"minecraft:wooden_pickaxe":1,"minecraft:stone_pickaxe":2,"minecraft:wooden_axe":1,"minecraft:furnace":1,"minecraft:torch":4,"minecraft:stone_axe":1},"minecraft:custom":{"minecraft:time_since_rest":23983,"minecraft:interact_with_furnace":1,"minecraft:sprint_one_cm":39819,"minecraft:walk_one_cm":21373,"minecraft:damage_blocked_by_shield":220,"minecraft:mob_kills":3,"minecraft:drop":2,"minecraft:damage_dealt":823,"minecraft:interact_with_crafting_table":7,"minecraft:fly_one_cm":22830,"minecraft:crouch_one_cm":4301,"minecraft:play_time":23983,"minecraft:sneak_time":3219,"minecraft:walk_under_water_one_cm":507,"minecraft:jump":183,"minecraft:leave_game":1,"minecraft:time_since_death":23983,"minecraft:walk_on_water_one_cm":955,"minecraft:total_world_time":23983,"minecraft:fall_one_cm":3060},"minecraft:mined":{"minecraft:iron_ore":13,"minecraft:spruce_log":9,"minecraft:birch_leaves":1,"minecraft:crafting_table":2,"minecraft:grass_block":2,"minecraft:coal_ore":22,"minecraft:cobblestone":1,"minecraft:stone":24,"minecraft:oak_leaves":1},"minecraft:picked_up":{"minecraft:raw_iron":13,"minecraft:stick":3,"minecraft:crafting_table":2,"minecraft:wooden_pickaxe":1,"minecraft:dripstone_block":1,"minecraft:spruce_sapling":2,"minecraft:spruce_log":9,"minecraft:shield":1,"minecraft:dirt":2,"minecraft:raw_copper":5,"minecraft:rotten_flesh":1,"minecraft:stone_pickaxe":1,"minecraft:oak_planks":3,"minecraft:coal":22,"minecraft:cobblestone":32}},"DataVersion":3953}