{"stats":{"minecraft:custom":{"minecraft:jump":93,"minecraft:time_since_rest":8947,"minecraft:leave_game":4,"minecraft:damage_dealt":420,"minecraft:crouch_one_cm":6,"minecraft:sprint_one_cm":7352,"minecraft:play_time":8947,"minecraft:time_since_death":8947,"minecraft:walk_one_cm":4721,"minecraft:sneak_time":2,"minecraft:total_world_time":8947,"minecraft:mob_kills":5,"minecraft:fall_one_cm":1105,"minecraft:fly_one_cm":12027},"minecraft:used":{"minecraft:oak_log":2,"minecraft:cow_spawn_egg":1,"minecraft:grass_block":1},"minecraft:killed":{"minecraft:sheep":4,"minecraft:cow":1},"minecraft:mined":{"minecraft:oak_log":2},"minecraft:picked_up":{"minecraft:beef":2,"minecraft:oak_log":2,"minecraft:mutton":6,"minecraft:white_wool":4}},"DataVersion":3465}