{"stats":{"minecraft:picked_up":{"minecraft:wooden_axe":1,"minecraft:birch_log":7,"minecraft:crafting_table":1,"minecraft:birch_button":24,"minecraft:porkchop":9,"minecraft:shield":1,"minecraft:dirt":5,"minecraft:wooden_sword":1,"minecraft:rotten_flesh":2,"minecraft:wheat_seeds":1,"minecraft:cobblestone":9},"minecraft:custom":{"minecraft:time_since_rest":5761,"minecraft:sprint_one_cm":24681,"minecraft:walk_one_cm":5826,"minecraft:mob_kills":4,"minecraft:drop":6,"minecraft:damage_dealt":400,"minecraft:interact_with_crafting_table":2,"minecraft:fly_one_cm":36557,"minecraft:crouch_one_cm":659,"minecraft:play_time":5761,"minecraft:sneak_time":379,"minecraft:jump":160,"minecraft:leave_game":1,"minecraft:time_since_death":5761,"minecraft:total_world_time":5761,"minecraft:fall_one_cm":3555},"minecraft:crafted":{"minecraft:crafting_table":1,"minecraft:stick":8,"minecraft:wooden_pickaxe":1,"minecraft:stone_pickaxe":1,"minecraft:stone_sword":1,"minecraft:birch_planks":28},"minecraft:used":{"minecraft:stone_sword":8,"minecraft:birch_leaves":2,"minecraft:wooden_pickaxe":11,"minecraft:dirt":5,"minecraft:crafting_table":1,"minecraft:porkchop":1},"minecraft:mined":{"minecraft:birch_log":7,"minecraft:crafting_table":1,"minecraft:grass_block":1,"minecraft:dirt":4,"minecraft:stone":9},"minecraft:killed":{"minecraft:pig":4},"minecraft:dropped":{"minecraft:zombie_spawn_egg":1,"minecraft:shield":1,"minecraft:wooden_axe":1,"minecraft:wooden_sword":1,"minecraft:birch_button":24,"minecraft:wooden_pickaxe":1}},"DataVersion":3953}