{"stats":{"minecraft:used":{"minecraft:stone_pickaxe":54,"minecraft:oak_planks":22,"minecraft:shield":1,"minecraft:wooden_pickaxe":13,"minecraft:cooked_chicken":1,"minecraft:iron_chestplate":1,"minecraft:torch":9,"minecraft:stone_axe":24,"minecraft:dirt":5,"minecraft:crafting_table":4,"minecraft:furnace":4,"minecraft:dripstone_block":1},"minecraft:dropped":{"minecraft:shield":2,"minecraft:stone_pickaxe":1,"minecraft:wooden_pickaxe":1},"minecraft:killed":{"minecraft:sheep":1,"minecraft:zombie":1,"minecraft:chicken":2},"minecraft:crafted":{"minecraft:oak_planks":20,"minecraft:iron_chestplate":1,"minecraft:shield":2,"minecraft:crafting_table":1,"minecraft:spruce_planks":28,"minecraft:stick":8,"minecraft:cooked_chicken":2,"minecraft:wooden_pickaxe":1,"minecraft:iron_ingot":10,"minecraft:stone_pickaxe":1,"minecraft:furnace":1,"minecraft:torch":8,"minecraft:stone_axe":1,"minecraft:air":0},"minecraft:custom":{"minecraft:time_since_rest":12077,"minecraft:interact_with_furnace":19,"minecraft:sprint_one_cm":41731,"minecraft:walk_one_cm":17073,"minecraft:damage_blocked_by_shield":15,"minecraft:mob_kills":4,"minecraft:drop":4,"minecraft:damage_dealt":429,"minecraft:interact_with_crafting_table":10,"minecraft:fly_one_cm":27793,"minecraft:crouch_one_cm":6996,"minecraft:play_time":12077,"minecraft:sneak_time":2561,"minecraft:walk_under_water_one_cm":182,"minecraft:jump":188,"minecraft:leave_game":1,"minecraft:walk_on_water_one_cm":1215,"minecraft:time_since_death":12077,"minecraft:total_world_time":12077,"minecraft:fall_one_cm":3691},"minecraft:mined":{"minecraft:furnace":3,"minecraft:iron_ore":16,"minecraft:spruce_log":7,"minecraft:andesite":1,"minecraft:crafting_table":4,"minecraft:coal_ore":13,"minecraft:grass_block":1,"minecraft:oak_log":5,"minecraft:dirt":4,"minecraft:dripstone_block":2,"minecraft:stone":32,"minecraft:oak_planks":5},"minecraft:picked_up":{"minecraft:crafting_table":4,"minecraft:raw_iron":18,"minecraft:feather":2,"minecraft:chicken":2,"minecraft:andesite":1,"minecraft:torch":1,"minecraft:dripstone_block":1,"minecraft:oak_log":5,"minecraft:shield":1,"minecraft:spruce_log":7,"minecraft:dirt":5,"minecraft:stone_pickaxe":1,"minecraft:oak_planks":2,"minecraft:mutton":1,"minecraft:coal":26,"minecraft:white_wool":1,"minecraft:cobblestone":33,"minecraft:furnace":3}},"DataVersion":3953}