{"stats":{"minecraft:killed_by":{"minecraft:zombie":1},"minecraft:custom":{"minecraft:jump":117,"minecraft:time_since_rest":6969,"minecraft:damage_taken":250,"minecraft:play_time":7715,"minecraft:leave_game":2,"minecraft:sprint_one_cm":9867,"minecraft:walk_one_cm":2608,"minecraft:time_since_death":6735,"minecraft:deaths":1,"minecraft:sneak_time":10,"minecraft:total_world_time":7715,"minecraft:fall_one_cm":894,"minecraft:fly_one_cm":27779},"minecraft:used":{"minecraft:gravel":1}},"DataVersion":3465}