{"stats":{"minecraft:used":{"minecraft:oak_log":1,"minecraft:anvil":1,"minecraft:potion":1,"minecraft:crafting_table":1,"minecraft:dried_kelp":10},"minecraft:dropped":{"minecraft:crafting_table":64},"minecraft:mined":{"minecraft:oak_log":1},"minecraft:custom":{"minecraft:time_since_rest":26524,"minecraft:crouch_one_cm":204,"minecraft:play_time":26524,"minecraft:sprint_one_cm":25135,"minecraft:walk_one_cm":12408,"minecraft:sneak_time":110,"minecraft:interact_with_anvil":1,"minecraft:drop":1,"minecraft:jump":225,"minecraft:leave_game":7,"minecraft:walk_on_water_one_cm":835,"minecraft:time_since_death":26524,"minecraft:total_world_time":26524,"minecraft:interact_with_crafting_table":11,"minecraft:fall_one_cm":1672,"minecraft:fly_one_cm":46931},"minecraft:picked_up":{"minecraft:crafting_table":64,"minecraft:oak_log":1}},"DataVersion":3465}