{"stats":{"minecraft:dropped":{"minecraft:crafting_table":64},"minecraft:mined":{"minecraft:oak_log":1},"minecraft:used":{"minecraft:oak_log":1,"minecraft:anvil":1,"minecraft:potion":1,"minecraft:crafting_table":1,"minecraft:dried_kelp":10},"minecraft:custom":{"minecraft:time_since_rest":20524,"minecraft:crouch_one_cm":204,"minecraft:play_time":20524,"minecraft:sprint_one_cm":19800,"minecraft:walk_one_cm":11482,"minecraft:sneak_time":71,"minecraft:interact_with_anvil":1,"minecraft:drop":1,"minecraft:jump":192,"minecraft:leave_game":7,"minecraft:walk_on_water_one_cm":835,"minecraft:time_since_death":20524,"minecraft:total_world_time":20524,"minecraft:interact_with_crafting_table":11,"minecraft:fall_one_cm":1672,"minecraft:fly_one_cm":32719},"minecraft:picked_up":{"minecraft:crafting_table":64,"minecraft:oak_log":1}},"DataVersion":3465}