{"stats":{"minecraft:mined":{"minecraft:oak_log":1},"minecraft:used":{"minecraft:oak_log":1},"minecraft:custom":{"minecraft:jump":58,"minecraft:time_since_rest":6646,"minecraft:crouch_one_cm":204,"minecraft:play_time":6646,"minecraft:leave_game":5,"minecraft:sprint_one_cm":8914,"minecraft:walk_on_water_one_cm":835,"minecraft:time_since_death":6646,"minecraft:walk_one_cm":2135,"minecraft:sneak_time":68,"minecraft:total_world_time":6646,"minecraft:fall_one_cm":1045,"minecraft:fly_one_cm":13221},"minecraft:picked_up":{"minecraft:oak_log":1}},"DataVersion":3465}