{"stats":{"minecraft:used":{"minecraft:spruce_log":1},"minecraft:custom":{"minecraft:jump":719,"minecraft:time_since_rest":129069,"minecraft:damage_dealt":95,"minecraft:crouch_one_cm":27,"minecraft:leave_game":6,"minecraft:sprint_one_cm":49477,"minecraft:play_time":129069,"minecraft:damage_taken":40,"minecraft:time_since_death":129069,"minecraft:walk_one_cm":20671,"minecraft:sneak_time":164,"minecraft:total_world_time":129069,"minecraft:fall_one_cm":3014,"minecraft:fly_one_cm":217986}},"DataVersion":3465}