{"stats":{"minecraft:killed_by":{"minecraft:zombie":1},"minecraft:custom":{"minecraft:jump":549,"minecraft:time_since_rest":25505,"minecraft:crouch_one_cm":127,"minecraft:damage_taken":280,"minecraft:play_time":26251,"minecraft:leave_game":4,"minecraft:sprint_one_cm":43428,"minecraft:walk_one_cm":9742,"minecraft:time_since_death":25271,"minecraft:deaths":1,"minecraft:sneak_time":116,"minecraft:total_world_time":26251,"minecraft:fall_one_cm":5666,"minecraft:fly_one_cm":153745},"minecraft:used":{"minecraft:snow":2,"minecraft:gravel":1}},"DataVersion":3465}