{"stats":{"minecraft:picked_up":{"minecraft:mutton":2,"minecraft:wheat_seeds":12,"minecraft:dirt":1,"minecraft:white_wool":1},"minecraft:custom":{"minecraft:jump":9,"minecraft:time_since_rest":37070,"minecraft:crouch_one_cm":47,"minecraft:play_time":37070,"minecraft:leave_game":12,"minecraft:sprint_one_cm":9246,"minecraft:damage_taken":10,"minecraft:time_since_death":37070,"minecraft:walk_one_cm":52422,"minecraft:sneak_time":51,"minecraft:total_world_time":37070,"minecraft:fly_one_cm":1033,"minecraft:fall_one_cm":335},"minecraft:used":{"minecraft:acacia_log":1,"minecraft:bone_meal":7,"minecraft:grass_block":4},"minecraft:mined":{"minecraft:tall_grass":1}},"DataVersion":3465}