{"stats":{"minecraft:killed_by":{"minecraft:drowned":1},"minecraft:killed":{"minecraft:sheep":4,"minecraft:pig":6,"minecraft:cow":1},"minecraft:custom":{"minecraft:time_since_rest":152,"minecraft:sprint_one_cm":24939,"minecraft:damage_taken":45,"minecraft:walk_one_cm":7037,"minecraft:mob_kills":11,"minecraft:drop":1,"minecraft:damage_dealt":1020,"minecraft:swim_one_cm":3159,"minecraft:interact_with_crafting_table":2,"minecraft:fly_one_cm":23615,"minecraft:crouch_one_cm":390,"minecraft:play_time":10518,"minecraft:deaths":1,"minecraft:sneak_time":676,"minecraft:walk_under_water_one_cm":191,"minecraft:jump":198,"minecraft:leave_game":1,"minecraft:time_since_death":67,"minecraft:walk_on_water_one_cm":392,"minecraft:total_world_time":10518,"minecraft:fall_one_cm":2301},"minecraft:picked_up":{"minecraft:crafting_table":1,"minecraft:porkchop":8,"minecraft:oak_log":11,"minecraft:dirt":1,"minecraft:beef":2,"minecraft:oak_sapling":1,"minecraft:mutton":6,"minecraft:white_wool":4,"minecraft:cobblestone":13},"minecraft:mined":{"minecraft:crafting_table":1,"minecraft:short_grass":1,"minecraft:oak_log":11,"minecraft:dirt":1,"minecraft:stone":13,"minecraft:oak_leaves":2},"minecraft:crafted":{"minecraft:oak_planks":40,"minecraft:crafting_table":1,"minecraft:stick":8,"minecraft:wooden_pickaxe":1,"minecraft:stone_pickaxe":1,"minecraft:stone_axe":1},"minecraft:dropped":{"minecraft:wooden_pickaxe":1},"minecraft:used":{"minecraft:oak_log":1,"minecraft:wooden_pickaxe":13,"minecraft:oak_leaves":1,"minecraft:stone_axe":20,"minecraft:dirt":1,"minecraft:crafting_table":1,"minecraft:oak_sapling":1}},"DataVersion":3953}