{"stats":{"minecraft:killed_by":{"minecraft:zombie":1},"minecraft:custom":{"minecraft:jump":700,"minecraft:time_since_rest":37505,"minecraft:crouch_one_cm":128,"minecraft:damage_taken":280,"minecraft:play_time":38251,"minecraft:leave_game":4,"minecraft:sprint_one_cm":55247,"minecraft:walk_one_cm":11860,"minecraft:time_since_death":37271,"minecraft:deaths":1,"minecraft:sneak_time":132,"minecraft:total_world_time":38251,"minecraft:fall_one_cm":5666,"minecraft:fly_one_cm":200136},"minecraft:used":{"minecraft:snow":4,"minecraft:gravel":1}},"DataVersion":3465}