{"stats":{"minecraft:used":{"minecraft:stone_pickaxe":23,"minecraft:oak_planks":4,"minecraft:wooden_pickaxe":13,"minecraft:stone_axe":8,"minecraft:dirt":5,"minecraft:crafting_table":2,"minecraft:furnace":1},"minecraft:dropped":{"minecraft:shield":2,"minecraft:stone_pickaxe":1,"minecraft:wooden_pickaxe":1},"minecraft:killed":{"minecraft:chicken":1},"minecraft:crafted":{"minecraft:oak_planks":20,"minecraft:shield":2,"minecraft:crafting_table":1,"minecraft:spruce_planks":28,"minecraft:stick":8,"minecraft:wooden_pickaxe":1,"minecraft:iron_ingot":2,"minecraft:stone_pickaxe":1,"minecraft:furnace":1,"minecraft:stone_axe":1,"minecraft:air":0},"minecraft:custom":{"minecraft:time_since_rest":5373,"minecraft:interact_with_furnace":4,"minecraft:sprint_one_cm":18641,"minecraft:walk_one_cm":7120,"minecraft:mob_kills":1,"minecraft:drop":4,"minecraft:damage_dealt":40,"minecraft:interact_with_crafting_table":6,"minecraft:fly_one_cm":18313,"minecraft:crouch_one_cm":2680,"minecraft:play_time":5373,"minecraft:sneak_time":1081,"minecraft:jump":105,"minecraft:time_since_death":5373,"minecraft:total_world_time":5373,"minecraft:fall_one_cm":2363},"minecraft:mined":{"minecraft:furnace":1,"minecraft:iron_ore":4,"minecraft:spruce_log":7,"minecraft:crafting_table":2,"minecraft:coal_ore":2,"minecraft:grass_block":1,"minecraft:oak_log":5,"minecraft:dirt":4,"minecraft:dripstone_block":1,"minecraft:stone":28},"minecraft:picked_up":{"minecraft:crafting_table":2,"minecraft:raw_iron":4,"minecraft:chicken":1,"minecraft:dripstone_block":1,"minecraft:oak_log":5,"minecraft:shield":1,"minecraft:spruce_log":7,"minecraft:dirt":5,"minecraft:stone_pickaxe":1,"minecraft:coal":3,"minecraft:cobblestone":28,"minecraft:furnace":1}},"DataVersion":3953}