{"stats":{"minecraft:used":{"minecraft:oak_log":1,"minecraft:anvil":1,"minecraft:potion":1,"minecraft:crafting_table":1,"minecraft:dried_kelp":10},"minecraft:dropped":{"minecraft:crafting_table":64},"minecraft:mined":{"minecraft:oak_log":1},"minecraft:custom":{"minecraft:time_since_rest":41332,"minecraft:crouch_one_cm":204,"minecraft:play_time":41332,"minecraft:sprint_one_cm":25889,"minecraft:walk_one_cm":13505,"minecraft:sneak_time":110,"minecraft:interact_with_anvil":1,"minecraft:drop":1,"minecraft:jump":230,"minecraft:leave_game":8,"minecraft:walk_on_water_one_cm":835,"minecraft:time_since_death":41332,"minecraft:total_world_time":41332,"minecraft:interact_with_crafting_table":11,"minecraft:fall_one_cm":1672,"minecraft:fly_one_cm":47592},"minecraft:picked_up":{"minecraft:crafting_table":64,"minecraft:oak_log":1}},"DataVersion":3465}