{"stats":{"minecraft:killed":{"minecraft:sheep":2},"minecraft:mined":{"minecraft:grass":1,"minecraft:player_wall_head":1,"minecraft:player_head":1},"minecraft:picked_up":{"minecraft:player_head":3,"minecraft:mutton":4,"minecraft:white_wool":2},"minecraft:custom":{"minecraft:time_since_rest":6041,"minecraft:crouch_one_cm":35,"minecraft:play_time":9391,"minecraft:sprint_one_cm":8182,"minecraft:deaths":1,"minecraft:damage_taken":220,"minecraft:walk_one_cm":6298,"minecraft:sneak_time":629,"minecraft:walk_under_water_one_cm":27423,"minecraft:mob_kills":2,"minecraft:drop":3,"minecraft:jump":97,"minecraft:damage_dealt":160,"minecraft:leave_game":3,"minecraft:walk_on_water_one_cm":3089,"minecraft:time_since_death":5965,"minecraft:total_world_time":9391,"minecraft:swim_one_cm":19524,"minecraft:fall_one_cm":2357,"minecraft:fly_one_cm":61773},"minecraft:dropped":{"minecraft:mutton":2,"minecraft:white_wool":1},"minecraft:used":{"minecraft:diamond_sword":1,"minecraft:player_head":2}},"DataVersion":3465}