{"stats":{"minecraft:killed":{"minecraft:zombie":1},"minecraft:custom":{"minecraft:jump":30,"minecraft:time_since_rest":14343,"minecraft:damage_dealt":196,"minecraft:walk_on_water_one_cm":85,"minecraft:play_time":14343,"minecraft:leave_game":3,"minecraft:sprint_one_cm":2000,"minecraft:damage_taken":135,"minecraft:time_since_death":14343,"minecraft:walk_one_cm":2596,"minecraft:total_world_time":14343,"minecraft:mob_kills":1,"minecraft:fall_one_cm":627,"minecraft:fly_one_cm":5093},"minecraft:used":{"minecraft:grass_block":1}},"DataVersion":3465}