{"stats":{"minecraft:dropped":{"minecraft:mutton":2,"minecraft:white_wool":1,"minecraft:bone":10},"minecraft:used":{"minecraft:grass_block":13,"minecraft:diamond_axe":23,"minecraft:player_head":2,"minecraft:diamond_sword":23,"minecraft:anvil":1,"minecraft:porkchop":6,"minecraft:shulker_box":4,"minecraft:splash_potion":3},"minecraft:picked_up":{"minecraft:feather":2,"minecraft:chicken":1,"minecraft:porkchop":19,"minecraft:gunpowder":1,"minecraft:shulker_box":4,"minecraft:spider_eye":1,"minecraft:dirt":12,"minecraft:arrow":10,"minecraft:bone":10,"minecraft:rotten_flesh":2,"minecraft:player_head":3,"minecraft:mutton":6,"minecraft:white_wool":2},"minecraft:custom":{"minecraft:time_since_rest":50188,"minecraft:sprint_one_cm":30558,"minecraft:damage_taken":343,"minecraft:walk_one_cm":19213,"minecraft:interact_with_anvil":1,"minecraft:mob_kills":35,"minecraft:drop":4,"minecraft:damage_dealt":5745,"minecraft:swim_one_cm":19524,"minecraft:fly_one_cm":194491,"minecraft:crouch_one_cm":306,"minecraft:open_shulker_box":6,"minecraft:play_time":53538,"minecraft:deaths":1,"minecraft:sneak_time":845,"minecraft:walk_under_water_one_cm":27423,"minecraft:jump":312,"minecraft:leave_game":5,"minecraft:walk_on_water_one_cm":3089,"minecraft:time_since_death":50112,"minecraft:total_world_time":53538,"minecraft:damage_resisted":11,"minecraft:fall_one_cm":5372},"minecraft:mined":{"minecraft:player_wall_head":1,"minecraft:grass":2,"minecraft:player_head":1},"minecraft:killed":{"minecraft:sheep":4,"minecraft:skeleton":11,"minecraft:zombie":4,"minecraft:pig":9,"minecraft:chicken":1,"minecraft:spider":3,"minecraft:creeper":2,"minecraft:enderman":1}},"DataVersion":3465}